Customer Code,Customer Name,KIT ITEM,OEM,Item Description,Product type,Item Code,04-01-2021 00:00,05-01-2021 00:00,06-01-2021 00:00,07-01-2021 00:00,08-01-2021 00:00,09-01-2021 00:00,10-01-2021 00:00,11-01-2021 00:00,12-01-2021 00:00,01-01-2022 00:00,02-01-2022 00:00,03-01-2022 00:00,04-01-2022 00:00,05-01-2022 00:00,06-01-2022 00:00,07-01-2022 00:00,08-01-2022 00:00,09-01-2022 00:00,10-01-2022 00:00,11-01-2022 00:00,12-01-2022 00:00,01-01-2023 00:00,02-01-2023 00:00,03-01-2023 00:00,04-01-2023 00:00,05-01-2023 00:00,06-01-2023 00:00,07-01-2023 00:00,08-01-2023 00:00,09-01-2023 00:00,10-01-2023 00:00,11-01-2023 00:00,12-01-2023 00:00,Total
10003033,Customer_1,KIT0000896,manufacturer_1,Standard FLC (AMC),Housings,A020000001,80,50,,40,40,50,35,60,60,60,60,25,40,35,40,35,,130,,120,35,45,40,30,50,50,70,30,80,75,70,40,65,1640
10003033,Customer_1,KIT0000897,manufacturer_1,Standard FSC (AMC),Housings,A020000001,,50,,40,60,40,45,50,45,45,35,25,40,25,40,47,,70,,150,55,70,70,30,70,60,,40,40,75,65,40,65,1487
10002815,Customer_2,KIT0000613,manufacturer_2,"F2417411,F2417511,F2417611,F2417611",Engine Parts,A020000001,,,,,,,,9,5,,18,20,10,11,,21,,6,6,10,22,15,12,37,5,3,,8,3,12,4,11,6,254
10002815,Customer_2,KIT0000634,manufacturer_2,"SF1655611,16106411T2,F1609511 & 1609511T2",Transmission,A020000001,50,,,,,,,22,12,30,,35,18,23,31,,,8,29,25,31,14,25,22,17,,,,14,31,7,7,4,455
10002815,Customer_2,KIT0000638,manufacturer_2,"SF1655711,1610511T2,SF1600510T2 & SF1609611T2",Transmission,A020000001,,,,,,,20,48,20,30,,41,24,,66,,5,26,16,35,100,20,,,17,,,7,8,43,8,12,15,561
10002815,Customer_2,KIT0000642,manufacturer_2,"SF1608111T2,3312711T2,SF1608411T2 & SF1607311T2",Transmission,A020000001,60,50,,,,,80,75,53,90,71,65,106,42,37,112,65,118,80,78,140,145,42,63,53,67,35,67,97,57,54,83,33,2118
10002815,Customer_2,KIT0000645,manufacturer_2,"SF1614211T2,SF1607611T2 & SF1617511T2",Transmission,A020000001,110,22,,,,,50,10,35,80,20,55,59,84,84,16,77,123,44,40,134,147,30,61,69,67,,37,77,34,32,85,40,1722
10002815,Customer_2,KIT0000646,manufacturer_2,SF1608011T2 & SF1613111T3,Transmission,A020000001,20,,,,,,10,5,2,,,13,,15,,,,7,,17,5,4,6,7,,,,,3,,,,1,115
10002815,Customer_2,KIT0000647,manufacturer_2,"3311611,SF3347011, SFKY00411,001,010,116,005,097,133,442,470,492,094,113,114,012,010,013,016,013,075",Transmission,A020000001,27,30,,,,,25,25,25,50,,30,80,33,34,,20,35,23,35,111,25,35,36,28,29,17,19,21,4,16,22,7,842
10002815,Customer_2,KIT0000725,manufacturer_2,-,-,A020000001,,,,,,,,,,1,,,2,,16,,,,,,8,,,,,,,,,,,,,27
10002815,Customer_2,KIT0000735,manufacturer_2,-,-,A020000001,,,,,,,,47,,,20,21,3,21,,36,,,,5,9,,,,,,,,,,,,,162
10002815,Customer_2,KIT0000737,manufacturer_2,SHAFT(SF3312711),Crankshaft,A020000001,17,10,,,,,26,4,8,9,30,37,9,10,21,14,13,26,30,48,18,29,4,17,10,12,13,10,9,4,6,15,,459
10002815,Customer_2,KIT0000738,manufacturer_2,SHAFT(SF3321211&SFKY01711),Crankshaft,A020000001,,,,,,,,,,,,,,,64,11,8,4,18,42,60,33,39,41,13,27,11,2,2,,12,16,6,409
10002815,Customer_2,KIT0000741,manufacturer_2,LEVER(B1719101&B1719102),Gear Shift Lever,A020000001,,,,,,,10,,,,,6,8,,,,3,16,3,10,6,31,7,,,7,2,7,3,2,,10,3,134
10002815,Customer_2,KIT0000792,manufacturer_2,-,-,A020000001,,,,,,,,,,,,,,21,,,,,,8,,,,,,,,,,,,,,29
10002815,Customer_2,KIT0000813,manufacturer_2,GEAR(SFG300111 & SF1612511),Transmission,A020000001,,,,,,,,,,,,,,,6,,,,,2,9,5,1,3,,2,,1,,,1,,,30
10002815,Customer_2,KIT0000815,manufacturer_2,"GEAR(SF1623411,SF1669011 & SF1614711)",Transmission,A020000001,,,,,,,,,,,,,,,,,,,5,,,10,,,,,,,,,,,,15
10002755,Customer_3,KIT0000285,manufacturer_3,CLUTCH COVER ASSLY,Gears / Transmission,A020000001,100,140,180,242,269,262,203,178,138,73,125,114,156,238,286,145,210,210,166,162,166,150,170,177,90,180,129,135,85,45,60,30,30,5044
10002755,Customer_3,KIT0000286,manufacturer_3,CLUTCH DISC ASSLY,Gears / Transmission,A020000001,90,100,110,225,160,289,202,10,90,117,100,60,216,191,216,202,240,243,141,154,141,95,151,230,135,150,107,115,85,45,60,30,30,4530
10002755,Customer_3,KIT0000949,manufacturer_4,TATA Intra 1300,Clutches,A110000154,,5,10,,15,18,9,12,13,8,9,7,7,5,12,15,10,5,12,10,8,10,10,23,9,15,,12,2,4,,,,275
10002755,Customer_3,KIT0001052,manufacturer_5,Clutch Set - P405,Gears / Transmission,A110000154,,,,,,,1,4,6,,3,6,5,,7,,,9,5,,,,,,,2,,,,,,,,48
10002755,Customer_3,KIT0001053,manufacturer_5,Clutch Set - LTV,Gears / Transmission,A110000154,,,,,,,1,4,11,5,8,4,15,12,3,10,,9,,5,2,,10,7,9,10,3,7,4,4,2,,,145
10002755,Customer_3,KIT0001054,manufacturer_6,Clutch Set - P602,Gears / Transmission,A110000154,,,,,,,1,4,3,3,6,4,,,8,5,5,13,7,10,3,5,,9,4,2,2,5,5,9,8,6,9,136
10006487,Customer_4,KIT0000937,manufacturer_7,Steering Gear Box Mounting Bkt (3305),Steering Mont. Brackets,A020000001,134,50,,150,147,156,200,,50,245,,150,240,100,100,,,50,,50,120,77,100,150,130,160,130,310,100,50,100,150,100,3499
10006487,Customer_4,KIT0000938,manufacturer_7,Steering Gear Box Mounting Bkt (3303),Steering Mont. Brackets,A020000001,96,50,,82,,25,27,300,50,,160,157,50,172,185,100,258,215,220,176,135,190,240,150,130,110,160,,104,200,150,150,,4042
10006487,Customer_4,KIT0000939,manufacturer_7,ARB Bracket (5104),Brackets,A020000001,,,,,,,5,,5,,6,,5,7,,5,,,,2,5,3,5,2,3,4,,5,4,3,3,,3,75
10006487,Customer_4,KIT0001016,manufacturer_7,Steering Gear Box Mounting Bkt (3301),Steering Mont. Brackets,A020000001,,,,8,,,,,,,,,,,,,,,,,,,5,,,,,,1,,,,,14
10006487,Customer_4,KIT0001038,manufacturer_8,Water Pump Housing - 6850,Housings,A020000001,,,,,25,,,,30,10,26,33,33,25,30,60,59,35,,,40,,20,25,15,15,20,,33,15,10,50,,609
10006487,Customer_4,KIT0001039,manufacturer_8,Water Pump Housing - 6700,Housings,A020000001,,,,,,,,,55,65,76,35,65,45,52,65,84,120,120,150,120,143,137,73,80,63,190,88,154,95,174,106,90,2445
10003034,Customer_5,KIT0000894,manufacturer_1,Standard FLC (ACE),Housings,A020000001,,70,140,88,60,40,50,70,120,50,50,80,60,60,60,,140,90,70,140,90,90,90,45,70,40,85,75,90,110,102,65,85,2475
10003034,Customer_5,KIT0000895,manufacturer_1,Standard FSC (ACE),Housings,A020000001,,20,140,28,60,40,50,30,50,50,50,30,40,40,40,,80,40,40,80,50,40,50,25,50,20,45,55,50,85,89,75,85,1627
10009307,Customer_6,KIT0001157,manufacturer_9,-,-,A020000001,,,,,,,,,,,,,,,,,,,,,,,,,,,,,45,20,,,,65
10009307,Customer_6,KIT0001158,manufacturer_9,120 KW-Stator Housing-EV6-114-0843,0,A020000001,,,,,,,,,,,,,,,,,,,,,,,,,,,,,,110,20,,,130
10008924,Customer_7,KIT0001134,manufacturer_9,60KW - Base Board,Dashboard Controls,A020000001,,,,,,,,,,,,,,,,,,,,,,,,,,18,20,16,17,17,1,,,89
10008924,Customer_7,KIT0001135,manufacturer_9,60KW - Inverter Cover - 0395,Covers,A020000001,,,,,,,,,,,,,,,,,,,,,,,,,,25,53,39,44,47,,,,208
10008924,Customer_7,KIT0001136,manufacturer_9,60KW - Inverter Housing - 0511,Covers,A020000001,,,,,,,,,,,,,,,,,,,,,,,,,,78,79,80,98,116,10,,,461
10008924,Customer_7,KIT0001137,manufacturer_9,60KW - Motor Back Cover - 1062,Engine Parts,A020000001,,,,,,,,,,,,,,,,,,,,,,,,,,41,79,48,72,79,5,,,324
10008924,Customer_7,KIT0001151,manufacturer_9,120 KW-Inverter Housing-AEL 0578,Covers,A020000001,,,,,,,,,,,,,,,,,,,,,,,,,,,,,20,79,10,,,109
10008924,Customer_7,KIT0001152,manufacturer_9,120 KW-Inverter Cover-AEL 0467,Covers,A020000001,,,,,,,,,,,,,,,,,,,,,,,,,,,,,20,22,,,,42
10008924,Customer_7,KIT0001153,manufacturer_9,120KW-End Cover- AEL 1144,Covers,A020000001,,,,,,,,,,,,,,,,,,,,,,,,,,,,,21,19,,,,40
10002736,Customer_8,KIT0000219,manufacturer_10,Alternator,0,A020000001,23,,12,26,40,34,36,18,14,4,30,8,10,25,32,17,35,26,39,10,16,25,35,15,14,,,25,28,15,,20,,632
10006868,Customer_9,KIT0001061,manufacturer_11,Outer tube / Cylinder Tube / Dust Tube-70 variants (ZF),0,A110000154,,,,,,,,,,,,45,45,15,30,15,,,,,,53,92,72,72,72,122,170,183,234,222,144,123,1709
10008804,Customer_10,KIT0000933,manufacturer_12,Cylinder Head,0,A020000001,147,78,100,50,50,117,40,,80,53,46,109,84,124,96,112,81,188,50,51,80,70,90,130,80,80,100,50,80,50,40,50,50,580
10002786,Customer_11,KIT0000627,manufacturer_13,"Liner (ST100, SA100, SR100, I 100, I 102, I 105)",0,A020000001,240,180,240,300,240,240,360,120,240,190,160,140,300,221,358,282,240,313,214,205,360,235,310,204,228,270,287,329,311,175,240,35,,7767
10002786,Customer_11,KIT0001066,manufacturer_14,Liner E-98/91/95/101,0,A020000001,,,,,,,,,,,,63,100,138,167,138,120,167,121,189,140,115,106,96,106,150,103,60,99,192,154,25,60,2609
10002719,Customer_12,KIT0000580,manufacturer_15,EGR COOLER - 3L,Engine Parts,A020000001,,,,,,,,2,,,,,,,6,,,,,,,,,2,2,,,4,,,,,,16
10002719,Customer_12,KIT0000581,manufacturer_15,EGR COOLER - 5L,Exhaust Manifolds,A020000001,10,16,8,,,12,34,24,21,12,14,22,4,18,24,24,27,7,15,9,,9,16,12,9,6,19,12,17,6,,6,6,419
10002719,Customer_12,KIT0000862,manufacturer_2,Brogwarner H4H6,Exhaust Manifolds,A020000001,,,,,,,1,1,7,2,10,4,14,16,8,8,18,7,10,4,18,10,4,,3,8,9,9,10,8,9,7,9,214
10002719,Customer_12,KIT0000928,manufacturer_16,EGR Module BS6,0,A020000001,13,,,3,10,7,4,6,9,9,11,13,25,26,27,29,27,,10,20,27,36,30,26,29,22,23,16,22,35,33,30,24,602
10006366,Customer_13,KIT0000365,manufacturer_17,OIL BRAKE ASSLY - LH + TOOLS OF LH & RH,Brakes,A020000001,103,60,95,151,110,109,125,128,100,90,112,151,100,113,117,120,177,134,115,117,159,94,105,188,88,93,88,93,93,71,40,95,45,3579
10006366,Customer_13,KIT0000366,manufacturer_17,OIL BRAKE ASSLY - RH,Brakes,A020000001,103,60,95,151,115,104,125,128,110,80,107,152,100,113,117,120,177,137,115,117,158,95,105,168,99,92,88,97,97,73,37,100,45,3580
10006366,Customer_13,KIT0001042,manufacturer_18,DHRUV ASSLY (29032974-IBCH),Brakes,A020000001,,,,,25,83,93,76,60,57,42,69,80,79,98,120,121,135,114,92,108,90,110,174,92,113,85,121,95,124,82,95,59,2692
10002765,Customer_14,KIT0000370,manufacturer_19,-,-,A020000001,875,390,447,649,450,623,410,350,660,625,870,1064,580,605,572,790,520,719,762,780,581,392,560,685,508,585,500,515,465,425,595,510,350,19412
10002765,Customer_14,KIT0000445,manufacturer_19,-,-,A020000001,545,256,423,642,450,467,270,490,520,445,470,519,500,530,408,440,540,471,323,390,439,413,270,415,342,395,300,503,525,625,545,600,400,14871
10002740,Customer_15,KIT0000609,manufacturer_20,Caliper,Brakes,A020000001,20,13,10,20,,30,35,18,40,37,64,42,53,49,63,34,48,65,64,47,62,33,59,35,45,53,69,81,128,152,128,118,136,1851
10002740,Customer_15,KIT0000905,manufacturer_21,CALIPER,Brakes,A020000001,111,103,110,97,73,102,161,111,216,135,271,255,236,181,276,211,238,302,211,225,329,151,281,197,207,302,223,300,312,240,143,176,134,6620
10002740,Customer_15,KIT0000968,manufacturer_22,Caliper YRA14 Grp2,Brakes,A020000001,499,262,380,486,270,300,290,220,589,632,732,735,807,842,550,846,777,763,743,902,818,883,726,668,733,930,748,670,580,715,751,1019,438,21304
10007070,Customer_16,KIT0000468,manufacturer_23,Oil Sump - A4004631501,Oil Tank Assembly,A020000001,,,,,,,72,144,216,144,288,216,72,142,294,152,122,310,252,284,162,224,262,316,242,223,342,270,270,338,226,378,216,6177
10009470,Customer_17,KIT0000524,manufacturer_2,Cylinder Head,Engine Parts,A020000001,60,20,25,35,40,80,85,10,80,60,55,70,70,40,35,15,34,40,50,15,20,35,110,65,69,30,25,15,36,55,8,20,40,60
10009470,Customer_17,KIT0000563,manufacturer_23,Charger Pipe - D137,Engine,A020000001,22,39,21,32,23,42,37,17,28,36,30,39,10,10,35,35,32,37,25,54,60,50,37,61,35,30,32,50,50,77,34,46,49,129
10009470,Customer_17,KIT0000564,manufacturer_23,PTO Housing - G131,Engine Parts,A020000001,10,6,1,13,9,13,7,3,8,14,16,14,9,6,7,3,12,8,14,19,10,11,9,14,10,13,10,20,14,17,10,8,8,23
10009470,Customer_17,KIT0000565,manufacturer_23,Dekel,Engine Parts,A020000001,12,6,,11,15,10,18,4,15,10,12,19,9,6,6,14,10,15,8,21,10,15,13,13,13,15,9,16,8,23,8,13,19,35
10009470,Customer_17,KIT0000566,manufacturer_23,PTO Housing - G85,Engine Parts,A020000001,1,5,6,9,,8,2,2,2,6,,4,2,3,,4,4,1,,6,5,,,6,1,2,6,4,4,11,2,,6,7
10009470,Customer_17,KIT0000569,manufacturer_23,Charger Pipe - D037,Engine,A020000001,15,11,2,33,14,17,31,13,17,15,21,29,12,10,10,15,14,14,10,27,11,17,13,19,15,22,17,22,20,23,20,16,14,41
10009470,Customer_17,KIT0000877,manufacturer_2,DUCT INLET MANIFOLD,Engine Parts,A020000001,4,2,,,,,2,,,,3,5,,,,,,,,14,5,7,,,,,4,8,,,,16,,16
10009470,Customer_17,KIT0000994,manufacturer_24,Mixing chamber TATA 2.2L D-3 68974010,Engine Parts,A070000011,100,40,,,180,120,280,160,420,360,260,240,300,180,380,260,400,120,200,60,160,300,320,200,160,160,140,160,40,,100,80,120,280
10009470,Customer_17,KIT0000995,manufacturer_24,Mixing chamber TATA 1.5L D-3 62530020,Engine Parts,A070000011,360,460,60,240,540,300,240,160,560,560,240,300,560,140,560,480,940,580,720,720,500,640,560,500,420,440,740,360,840,520,620,720,640,1780
10009470,Customer_17,KIT0000996,manufacturer_24,Sealing Plate 700cc,Engine Parts,A070000011,30,20,50,,180,40,50,20,70,120,60,60,80,40,,50,70,40,50,60,10,80,40,50,10,,30,,,10,,40,,40
10009470,Customer_17,KIT0001012,manufacturer_24,Valve Housing-VECV E494,Engine Parts,A070000011,60,140,20,,,20,120,40,20,60,80,,,,,,,,,,,,40,,,,80,,,20,,200,40,240
10009470,Customer_17,KIT0001158,manufacturer_9,120 KW-Stator Housing-EV6-114-0843,0,A020000001,,,,,,,,,,,,,,,,,,,,,,,,,,,,,,,117,183,145,415
10009469,Customer_18,KIT0000975,manufacturer_24,Mixing Chamber 700CC,Engine Parts,A070000004,225,200,175,450,1250,,,275,550,250,600,550,925,250,375,675,1500,1500,1700,725,300,200,,250,650,250,600,375,475,225,875,475,300,1500
10009469,Customer_18,KIT0000976,manufacturer_24,"Valve Housing (1.5/2.2L,DV6,700CC)",Housings,A070000004,150,125,150,300,475,150,275,275,350,250,375,300,200,300,325,425,525,275,350,350,250,200,,400,425,250,350,250,300,150,275,270,180,700
10009469,Customer_18,KIT0000977,manufacturer_24,Valve Housing 800CC - (5.50 -20),Housings,A070000004,25,100,25,175,275,,100,,75,175,150,25,,225,200,250,250,150,125,175,100,75,,200,125,25,25,,,25,200,,100,300
10009469,Customer_18,KIT0000978,manufacturer_24,FCA Housing - (9.17 - 12),Housings,A070000011,300,620,300,500,480,440,740,680,380,440,600,160,540,480,840,820,940,780,460,580,480,460,220,520,400,360,500,460,460,260,440,340,300,1000
10009469,Customer_18,KIT0001107,manufacturer_24,Cover Coperchio - 88678,Engine Parts,A070000004,,,,,,,,,,,,,,,,,,,240,260,240,320,280,440,240,280,360,240,340,260,440,320,220,820
10009469,Customer_18,KIT0001108,manufacturer_24,G15 - Cover,Engine Parts,A070000011,,,,,,,,,,,,,,,,,,,75,30,60,75,45,45,75,45,105,75,120,60,105,75,75,210
10009469,Customer_18,KIT0001134,manufacturer_9,60KW - Base Board,Dashboard Controls,A020000001,,,,,,,,,,,,,,,,,,,,,,,,,15,8,,6,,,14,12,,22
10009469,Customer_18,KIT0001135,manufacturer_9,60KW - Inverter Cover - 0395,Covers,A020000001,,,,,,,,,,,,,,,,,,,,,,,,,62,5,,10,,,20,32,,44
10009469,Customer_18,KIT0001136,manufacturer_9,60KW - Inverter Housing - 0511,Covers,A020000001,,,,,,,,,,,,,,,,,,,,,,,,,74,27,,20,,,63,89,20,121
10009469,Customer_18,KIT0001137,manufacturer_9,60KW - Motor Back Cover - 1062,Engine Parts,A020000001,,,,,,,,,,,,,,,,,,,,,,,,,86,20,,20,,,27,59,6,77
10009469,Customer_18,KIT0001151,manufacturer_9,120 KW-Inverter Housing-AEL 0578,Covers,A020000001,,,,,,,,,,,,,,,,,,,,,,,,,,,,,,,66,158,75,299
10009469,Customer_18,KIT0001152,manufacturer_9,120 KW-Inverter Cover-AEL 0467,Covers,A020000001,,,,,,,,,,,,,,,,,,,,,,,,,,,,,,,23,21,16,60
10009469,Customer_18,KIT0001153,manufacturer_9,120KW-End Cover- AEL 1144,Covers,A020000001,,,,,,,,,,,,,,,,,,,,,,,,,,,,,,,31,37,37,105
10002730,Customer_19,KIT0000199,manufacturer_4,-,-,A020000001,490,311,330,250,350,140,210,640,441,395,680,355,70,70,,,50,330,380,180,400,190,70,190,125,,,,,,,,,6647
10002842,Customer_20,KIT0000783,manufacturer_2,FUEL PUMP IMV - PALLETIZED LOAD,0,A070000005,60,,60,,90,45,,30,,15,,,,,,,,,,,,,,,,,,,,,,,,300
10002842,Customer_20,KIT0001018,manufacturer_15,3 Cylinder Injector - 28663115/ 4 Cylinder Injector - 28613380/4SP Injector- 28644132,0,A070000001,,270,,,180,150,150,150,180,210,300,360,180,600,510,450,450,450,510,270,300,240,240,360,,,,,,,,,,6510
10002842,Customer_20,KIT0001019,manufacturer_15,JCB common rail -  9199121/Common Rail 5 litre  -  9199121.,0,A070000003,,,,300,570,150,350,250,330,250,40,,,,,,,,,,,,,,,,,,,,,,,2240
10002842,Customer_20,KIT0001020,manufacturer_15,Injector 5 litre  - 28631798,0,A070000001,,260,400,,60,160,,260,200,60,,280,120,60,180,240,200,220,120,140,40,,120,40,240,180,180,140,,,,,,3900
10002842,Customer_20,KIT0001021,manufacturer_25,3 Cylinder common rail Assembly - 17Sk137,0,A070000001,,,,,,,,,,80,,,,,40,20,20,60,20,,60,20,20,40,20,40,20,20,,,,,,480
10002842,Customer_20,KIT0001022,manufacturer_25,4 Cylinder common rail Assembly - 9199123,0,A070000001,,,,,,,,120,,60,180,180,140,280,260,140,120,200,340,220,180,180,180,320,40,260,140,140,,,,,,3680
10002842,Customer_20,KIT0001029,manufacturer_25,Fuel pump - 9199-161,0,A070000005,150,,,,,,45,105,60,135,120,120,120,135,225,75,150,150,15,120,165,75,195,,,,,,,,,,,2160
10002842,Customer_20,KIT0001031,manufacturer_26,JCB Injector  - 28650351,0,A070000001,,240,300,160,90,320,290,160,310,240,300,160,280,350,180,210,100,280,460,230,220,50,450,270,240,300,300,200,110,280,200,170,140,7590
10002842,Customer_20,KIT0001065,manufacturer_26,JCB common rail -  9199121/Common Rail 5 litre  -  9199121.,0,A070000003,,,,,,,,,,,310,450,280,240,180,380,180,380,390,330,100,300,320,360,320,350,220,430,310,150,550,350,400,7280
10002842,Customer_20,KIT0001112,manufacturer_25,Fuel pump - 9199-161,0,A070000005,,,,,,,,,,,,,,,,,,,,,,,,240,90,300,105,195,75,120,90,300,75,1590
10002842,Customer_20,KIT0001121,manufacturer_4,TML 1.5 Injector,0,A070000001,,,,,,,,,,,,,,,,,,,,,,,,,40,20,,,,20,40,1000,760,1880
10002842,Customer_20,KIT0001139,manufacturer_25,VECV 4 Cylinder Injector - 28613380,0,A070000001,,,,,,,,,,,,,,,,,,,,,,,,120,210,510,480,330,120,330,150,240,90,2580
10002842,Customer_20,KIT0001145,manufacturer_4,-,-,A070000001,,,,,,,,,,,,,,,,,,,,,,,,,,,,220,220,100,,100,100,740
10002842,Customer_20,KIT0001146,manufacturer_25,3 Cylinder common rail Assembly - 17Sk137,0,A070000001,,,,,,,,,,,,,,,,,,,,,,,,,,,,,,40,,,,40
10002842,Customer_20,KIT0001147,manufacturer_25,4 Cylinder common rail Assembly - 9199123,0,A070000001,,,,,,,,,,,,,,,,,,,,,,,,,,,,20,60,60,40,80,40,300
10002843,Customer_21,KIT0001046,manufacturer_27,PISTON - PALLETIZED LOAD,Engine Parts,A070000005,,,,,,,280,200,160,180,100,,300,300,300,200,400,300,300,200,200,400,400,600,400,400,740,740,440,280,360,480,200,8860
10002690,Customer_22,KIT0000024,manufacturer_28,G01504,Suspension,A020000001,50,20,20,25,10,40,25,40,20,25,40,55,30,10,15,,,10,20,25,15,15,20,10,,,,,,,,,,540
10002690,Customer_22,KIT0000029,manufacturer_28,G01624,Suspension,A020000001,50,,20,10,15,40,34,35,30,15,20,55,10,,15,,,10,10,,25,15,30,10,10,,,,,,,10,,469
10002690,Customer_22,KIT0000030,manufacturer_28,G01383,Suspension,A020000001,3,,,,,,3,5,5,,10,15,5,5,,,,5,,,,,5,,,,,,,,5,,,66
10002690,Customer_22,KIT0000032,manufacturer_23,G01610,Suspension,A020000001,3,,,,,,,10,5,2,,10,10,5,,,,5,,,,,5,,,,,,,,1,,,56
10002690,Customer_22,KIT0000417,manufacturer_28,"Shock Absorbers OE-G46066, OE-G46004",Suspension,A020000001,60,60,160,25,25,135,30,50,80,40,90,60,,40,20,,120,100,70,136,100,90,80,70,121,138,180,160,250,150,111,190,107,3048
10002690,Customer_22,KIT0000997,manufacturer_29,Shockups - G05077,Suspension,A020000001,34,20,10,5,,,5,5,,,,,,,,,,,,,,,,,,,,,,,,,,79
10002718,Customer_23,KIT0000143,manufacturer_30,06 G Limb,Shocker and Suspension,A020000001,727,277,496,586,762,534,610,496,555,585,512,504,401,286,235,431,287,140,270,345,70,30,95,315,135,205,187,220,210,175,260,135,150,11226
10002718,Customer_23,KIT0000144,manufacturer_30,E69 Limb,Shocker and Suspension,A020000001,379,125,311,365,446,378,367,287,364,371,361,429,333,380,120,335,330,120,221,395,140,50,90,210,215,295,210,220,145,145,175,115,130,8557
10002718,Customer_23,KIT0000145,manufacturer_30,Shock Absorber KWP Front,Shocker and Suspension,A020000001,60,43,59,34,29,137,19,30,12,34,25,90,50,37,20,60,20,23,40,20,10,,,,25,65,50,35,,40,20,5,5,1097
10002718,Customer_23,KIT0000146,manufacturer_30,Shock Absorber Rear,Shocker and Suspension,A020000001,174,50,124,154,207,200,110,95,156,93,156,116,87,227,60,155,120,94,60,70,70,5,50,55,35,115,55,70,70,83,100,70,50,3336
10002718,Customer_23,KIT0000660,manufacturer_30,XF331 DAMPER,Shocker and Suspension,A020000001,37,25,22,51,46,64,74,22,63,64,58,57,53,79,20,66,39,27,29,44,8,5,25,50,35,57,48,50,29,40,40,18,35,1380
10002718,Customer_23,KIT0001140,manufacturer_31,Drum RH,Shocker and Suspension,A020000001,,,,,,,,,,,,,,,,,,,,,,,,,,,350,205,40,180,210,150,190,1325
10003022,Customer_24,KIT0000868,manufacturer_32,Hose Pipe,0,A020000001,80,100,25,70,50,100,90,55,120,110,110,30,75,50,70,50,100,70,90,80,100,95,100,90,80,100,90,60,80,100,80,90,80,2670
10003022,Customer_24,KIT0001109,manufacturer_33,"Cable 402/G6608, 400/X6383, 7814",0,A110000154,,,,,,,,,,,,,,,,,,,,,,,,,,,,105,80,105,80,47,32,449
10002799,Customer_25,KIT0000519,manufacturer_34,Connector SUB Assy 445270-60501L,AC Unit,A070000005,1200,,,3500,3800,3400,1600,1400,,1600,4600,4500,4700,4700,4300,4800,3600,6300,5440,3880,4600,5500,5200,7400,7100,6700,6440,6200,7900,7900,7000,6700,5600,147560
10007654,Customer_26,KIT0001102,manufacturer_35,CDW Tube - MT1A15124,0,A110000154,,,,,,,,,,,,,,,,,,30,60,60,36,36,76,36,72,36,36,36,108,72,36,60,,790
10002744,Customer_27,KIT0001030,manufacturer_21,Parcel Shelf (High series) - 142C7/Parcel Shelf (Low series) - 122C7,Body Parts,A020000001,30,120,50,,100,50,150,100,130,120,110,95,85,30,60,115,95,110,140,135,166,160,200,70,90,135,200,100,165,120,145,90,,3466
10002725,Customer_28,KIT0000803,manufacturer_6,Radiator,Radiator,A020000001,15,25,90,40,115,10,60,30,30,30,60,130,50,90,50,70,80,130,80,40,50,80,30,70,100,70,30,40,70,60,40,90,60,2015
10002844,Customer_29,KIT0000746,manufacturer_29,Main Shaft,Crankshaft,A020000001,20,21,,,5,,,35,15,,65,30,23,43,20,,40,,65,61,18,31,29,33,20,10,,40,10,45,21,47,17,764
10002844,Customer_29,KIT0000748,manufacturer_2,Pinion 138 & 116,Transmission,A020000001,,,,,,,,,,,,,20,,,,,,19,7,11,10,7,,,3,,5,14,7,4,4,10,121
10002844,Customer_29,KIT0000749,manufacturer_29,Gear 28111,Transmission,A020000001,5,18,,,25,,,5,15,,3,10,10,,,,,,30,27,99,68,49,,10,15,,,,20,35,51,13,508
10002844,Customer_29,KIT0000750,manufacturer_29,Layshaft 85 & 200,Crankshaft,A020000001,13,3,,,,,,,,,35,,7,20,9,,15,,20,29,23,14,20,22,,30,,,15,20,15,31,10,351
10002844,Customer_29,KIT0000805,manufacturer_2,Crown Wheel 121/137,Transmission,A020000001,,,,,,,,,,,2,,20,,,,,,25,55,43,42,22,,,10,,10,45,30,24,18,28,374
10002844,Customer_29,KIT0000864,manufacturer_5,Bell Crank Lever 320N,Crankshaft,A020000001,,,,,,,,,,,,,3,,,,5,,5,,,,2,10,5,8,,2,,,,,,40
10002844,Customer_29,KIT0000865,manufacturer_5,Bell Crank Lever 520N,Crankshaft,A020000001,,,,,,,,,,,,,14,,10,,8,,5,,6,6,1,5,,2,,15,4,,8,1,,85
10002844,Customer_29,KIT0000866,manufacturer_5,Bell Crank Lever 090N,Crankshaft,A020000001,,,,,,,,,,,,,,,,,7,,,,5,,5,,,2,,6,1,,2,,,28
10002844,Customer_29,KIT0000867,manufacturer_29,Output Flange Jai Parvati,Steering Column (Flanges),A020000001,,,,,,,,,,,,,,,,,,,,,1,,4,6,,,,,1,,1,,,13
10002844,Customer_29,KIT0000869,manufacturer_36,Cranck Lever 100N,Crankshaft,A020000001,,,,,,,,,,,,,,,,,,,,,,,,2,,,,3,,,,,,5
10002844,Customer_29,KIT0000870,manufacturer_36,Cranck Lever 310N,Crankshaft,A020000001,,,,,,,,,,,,,,,,,,,,,,,,,,,,5,,,,,,5
10002844,Customer_29,KIT0000871,manufacturer_36,Cranck Lever 540N,Crankshaft,A020000001,,,,,11,,,,,,,,3,,,,,,,,,,,,,,,5,,6,,,,25
10002844,Customer_29,KIT0001063,manufacturer_2,Output Flange (96 parts),Steering Column (Flanges),A020000001,,,,,,,,,,,,,,,,,,,,,,,10,,,,,,,8,15,5,,38
10002857,Customer_30,KIT0000836,manufacturer_37,-,-,A020000001,15,15,,15,30,15,15,15,,15,,,30,20,20,,,,,,,,,,,,,,,,,,,205
10002857,Customer_30,KIT0001103,manufacturer_38,Top Link Crank / Cylinder Block,0,A020000001,,,,,,,,,,,,,,,,,30,,,30,,,10,15,,20,,10,20,,20,,,155
10002845,Customer_31,KIT0000854,manufacturer_39,"Turbine Wheel (3529760,3781147,5356252)",0,A070000005,225,105,90,165,90,90,300,240,210,210,240,375,120,405,540,195,300,,285,300,405,150,195,345,405,165,195,150,,,,,,6495
10002845,Customer_31,KIT0000855,manufacturer_39,Turbine Wheel (2843682),0,A070000005,45,,15,,30,15,,,30,15,15,,,30,15,,,,,,,,,,,,,30,,,,,,240
10002845,Customer_31,KIT0001150,manufacturer_39,"Turbine Wheel (3529760,3781147,5356252)",0,A070000004,,,,,,,,,,,,,,,,,,,,,,,,,,,,240,225,255,180,375,450,1725
10002845,Customer_31,KIT0001154,manufacturer_39,Turbine Wheel 2843682/2838994,0,A070000004,,,,,,,,,,,,,,,,,,,,,,,,,,,,,,15,15,,90,120
10003149,Customer_32,KIT0001014,manufacturer_21,Kit Lock Set - Metal,0,A070000003,818,486,669,597,547,311,442,373,634,427,579,648,608,547,589,665,913,1052,619,760,738,850,832,907,837,997,569,682,753,561,378,397,277,21062
10002820,Customer_33,KIT0000608,manufacturer_40,-,-,A020000001,40,50,50,89,80,100,,50,44,50,,50,100,50,50,50,100,,50,50,50,50,100,50,,40,50,50,,,,,,1443
10002721,Customer_34,KIT0000212,manufacturer_41,STARTER MOTOR,0,A020000001,30,32,5,20,40,23,10,65,,,,28,30,20,15,5,20,5,10,50,,,,,,,20,70,50,90,50,90,10,788
10002721,Customer_34,KIT0001050,manufacturer_42,Starter Motor - 26024702A,All Motors,A020000001,,,,,,,,,,,,,,25,35,50,55,60,50,30,45,35,30,45,30,30,15,50,45,60,40,42,10,782
10002721,Customer_34,KIT0001051,manufacturer_38,Starter Motor - 26024778A,Engine Parts,A020000001,,,,,,,,,,,,,,25,22,30,35,20,40,20,20,30,,15,,60,40,74,35,85,20,56,10,637
10002721,Customer_34,KIT0001156,manufacturer_37,K2 Starter - GRS78 UC Starter Motor,Engine Parts,A110000154,,,,,,,,,,,,,,,,,,,,,,,,,,,,,,,,8,,8
10002721,Customer_34,KIT0001159,manufacturer_18,-,-,A110000154,,,,,,,,,,,,,,,,,,,,,,,,,,,,,,,,10,16,26
10002721,Customer_34,KIT0001160,manufacturer_18,-,-,A110000154,,,,,,,,,,,,,,,,,,,,,,,,,,,,,,,,10,16,26
10002789,Customer_35,KIT0000467,manufacturer_43,PRD 3 - STARTER MOTOR,Engine Parts,A020000001,141,100,130,186,217,160,159,140,165,200,190,250,150,183,110,150,140,180,112,110,100,119,40,100,50,70,90,110,80,121,110,105,40,4308
10002789,Customer_35,KIT0000696,manufacturer_6,Starter Motor,Engine Parts,A020000001,,,40,18,40,25,50,20,55,40,40,95,70,27,60,80,80,50,42,60,15,101,20,70,50,40,60,50,30,39,50,66,70,1553
10002852,Customer_36,KIT0000943,manufacturer_21,KITE -5 Air Filter Assy for TIAGO/TIGOR BSVI,Air filter,A020000001,575,505,340,500,623,240,427,334,610,327,540,620,515,558,663,780,827,836,617,577,614,,,,,,,,,,,,,11628
10002852,Customer_36,KIT0001118,manufacturer_21,Duct,Engine Parts,A020000001,,,,,,,,,,,,,,,,,,,,,,90,,40,,155,60,45,90,10,,75,,565
10002852,Customer_36,KIT0001119,manufacturer_21,KITE -5 Air Filter Assy for TIAGO/TIGOR BSVI,Air filter,A020000001,,,,,,,,,,,,,,,,,,,,,20,540,560,610,468,528,230,464,520,280,465,285,115,5085
10002686,Customer_37,KIT0000170,manufacturer_23,Engine Mounting,Engine Mounting Arm,A020000001,66,31,42,73,63,65,65,43,75,55,58,70,35,50,55,41,55,75,58,82,51,77,72,99,52,68,71,87,71,112,80,76,50,2123
10002686,Customer_37,KIT0001027,manufacturer_37,Semi remote,0,A070000005,620,1360,1340,2500,1260,1200,400,880,1600,1200,980,2340,2100,1800,1900,1740,1100,2700,2100,2200,2100,2700,1900,2260,2160,2040,2140,2100,1880,2580,2400,2920,1100,59600
10002686,Customer_37,KIT0001028,manufacturer_44,Gear shift lever with child part,Gears / Transmission,A070000005,100,620,780,900,100,,120,,,,500,1200,600,,600,300,1000,1680,1300,600,2320,2100,1080,1000,1340,1280,960,280,1360,1560,2000,1000,960,27640
10002686,Customer_37,KIT0001093,manufacturer_45,Gear Shitf Lever & Child Part,Gears / Transmission,A070000005,,,,,,,,,,,,,,,,400,600,1400,500,1780,700,700,2100,2600,1960,2020,2900,2220,1580,2480,2600,2500,2300,31340
10002686,Customer_37,KIT0001097,manufacturer_23,Gear Shift Lever,Gear Shift Lever,A020000001,,,,,,,,,,,,,,,25,45,30,25,20,15,15,20,21,27,33,11,31,26,13,21,16,10,15,419
10002686,Customer_37,KIT0001098,manufacturer_23,Mulitple Parts,"Lights, Tail Lights",A070000005,,,,,,,,,,,,,,,,280,100,300,200,,240,200,60,300,60,120,120,820,780,400,200,200,100,4480
10002685,Customer_38,KIT0000432,manufacturer_46,CV - NS00000169,0,A020000001,132,40,165,262,159,226,249,178,191,191,194,198,285,500,505,466,400,564,440,435,200,330,320,300,330,270,390,389,330,380,405,230,220,9874
10002685,Customer_38,KIT0000860,manufacturer_47,Control Valve Assy (7207575V92),0,A020000001,,2,12,2,3,5,23,21,40,20,29,5,30,,20,40,33,48,40,51,56,40,90,85,49,80,66,63,35,74,48,40,38,1188
10002685,Customer_38,KIT0001138,manufacturer_47,K2 Control Valve,0,A020000001,,,,,,,,,,,,,,,,,,,,,,,,,,,,10,8,,,,,18
10002684,Customer_39,KIT0000004,manufacturer_48,MAHALE - Honda City,0,A020000001,,40,,10,20,,5,48,15,10,20,,20,,18,14,15,16,7,6,5,,,,,,,,,4,,,,273
10002684,Customer_39,KIT0000008,manufacturer_49,X02B Core,Radiators Intercoolers,A110000150,65,48,95,55,61,55,118,65,32,94,37,87,135,54,110,112,135,111,90,146,146,111,139,116,5,25,75,110,142,121,92,45,70,2902
10002684,Customer_39,KIT0000010,manufacturer_49,H79 Evap Front & UK Prime,Radiators Intercoolers,A110000150,11,16,28,18,16,30,20,10,19,45,50,50,61,33,48,101,39,59,38,45,16,13,40,33,15,35,16,18,30,50,19,20,15,1057
10002684,Customer_39,KIT0000012,manufacturer_49,Heater Core,Radiators Intercoolers,A110000150,4,2,,1,4,1,5,1,2,3,20,9,5,8,6,12,12,6,7,8,,6,2,4,6,5,4,,11,15,1,,1,171
10002684,Customer_39,KIT0000013,manufacturer_49,K9K Core,Radiators Intercoolers,A110000150,24,78,69,52,96,95,62,30,48,65,83,73,102,74,111,110,93,113,120,122,134,93,87,84,5,31,93,79,125,131,54,104,15,2655
10002684,Customer_39,KIT0000194,manufacturer_49,Volvo Evap,Engine Parts,A110000150,10,6,7,14,9,10,10,12,5,12,9,13,6,9,5,8,7,4,11,2,5,7,7,8,6,5,5,6,12,9,5,2,7,253
10002684,Customer_39,KIT0000195,manufacturer_49,Volvo Heater,Radiators Intercoolers,A110000150,,1,,9,2,2,4,2,1,3,5,4,3,3,1,3,4,2,3,2,3,5,2,3,5,,2,1,2,1,1,2,1,82
10002684,Customer_39,KIT0000712,manufacturer_49,Radiator,Radiators Intercoolers,A110000150,6,16,,5,6,5,,,2,1,,,13,7,3,6,3,6,,10,11,5,2,12,,,,,,,,,,119
10002684,Customer_39,KIT0000948,manufacturer_49,Wiremesh Lid & Belt,Radiators Intercoolers,A110000151,75,54,63,45,84,68,92,33,59,66,67,69,58,56,83,61,101,65,49,67,70,50,66,36,20,48,27,40,76,62,48,53,20,1931
10002684,Customer_39,KIT0000953,manufacturer_29,H6 EGR,Exhaust Manifolds,A020000001,24,16,,,15,40,31,35,15,37,36,37,21,22,19,17,20,41,23,14,20,16,21,17,14,15,7,58,89,73,80,80,57,1010
10002684,Customer_39,KIT0000958,manufacturer_29,Dia 575 (ERM120),Radiators Intercoolers,A020000001,808,42,,135,400,410,628,430,533,632,724,574,403,272,375,122,65,263,245,274,285,208,222,312,189,166,70,230,,,,,,9017
10002684,Customer_39,KIT0000984,manufacturer_29,EGR H6,Exhaust Manifolds,A020000001,13,,,,,,,25,,30,52,31,51,43,13,24,41,46,72,92,65,62,64,57,55,41,24,,,,,,,901
10002684,Customer_39,KIT0000985,manufacturer_29,Bimetal (Dia 520/Dia540),Radiators Intercoolers,A020000001,136,45,,,,,158,119,133,96,143,178,184,132,93,63,124,134,58,142,81,100,61,79,68,100,85,136,246,246,177,218,175,3710
10002684,Customer_39,KIT0001013,manufacturer_29,Bimetal 600 (ERM),Radiators Intercoolers,A020000001,183,,,,,35,128,165,35,103,140,150,145,46,107,82,174,174,75,107,104,122,106,86,100,102,62,247,315,325,272,268,153,4111
10002684,Customer_39,KIT0001015,manufacturer_29,Dia 575/Dia 630 (ERM120) - temporary KIT,Radiators Intercoolers,A020000001,,,,,,,,,,,,50,75,60,110,65,30,75,86,67,30,,104,202,,40,,20,,,,16,20,1050
10002684,Customer_39,KIT0001058,manufacturer_29,Bimetal (Dia 520/Dia540),Radiators Intercoolers,A020000001,,,,,,,,30,62,27,29,22,5,11,35,12,34,31,26,25,25,31,37,10,16,19,5,105,,,,,,597
10002684,Customer_39,KIT0001070,manufacturer_29,"ERM 120 - Dia 575, Dia 575 (wireless), MBP H6 T80",Radiators Intercoolers,A020000001,,,,,,,,,,,,150,226,309,156,200,135,309,373,532,508,502,484,480,322,326,153,243,,,,,,5408
10002684,Customer_39,KIT0001099,manufacturer_49,PC542001-CAC Core Wiremesh with Insert,Engine Parts,A110000150,,,,,,,,,,,,,,,,,,,,25,22,23,16,18,22,19,19,4,29,15,23,17,12,264
10002684,Customer_39,KIT0001100,manufacturer_49,PE332001-Radiator Core Wiremesh with Insert,Radiators Intercoolers,A110000150,,,,,,,,,,,,,,,,,,,,90,66,70,70,54,39,66,48,27,66,50,89,79,33,847
10002684,Customer_39,KIT0001111,manufacturer_49,H79 Evap Front UK Pri,Radiators Intercoolers,A110000150,,,,,,,,,,,,,,,,,,,,,,,,,,,,4,,,,,,4
10002684,Customer_39,KIT0001116,manufacturer_29,Bimetal (Dia 520/Dia540) - Standard FLC KIT,Radiators Intercoolers,A020000001,,,,,,,,,,,,,,,,,,,,,,,60,90,211,200,50,140,,,,,,751
10002684,Customer_39,KIT0001142,manufacturer_29,RG742002 - RF071002,Radiators Intercoolers,A020000001,,,,,,,,,,,,,,,,,,,,,,,,,,,,,356,365,365,279,155,1520
10002684,Customer_39,KIT0001143,manufacturer_29,Visco Fan ERM 65 - PW405003/PU044001/PR214001,Engine Fans,A020000001,,,,,,,,,,,,,,,,,,,,,,,,,,,,,325,236,240,233,107,1141
10002817,Customer_40,KIT0000582,manufacturer_21,AMT Hydraulic Kit,Gears / Transmission,A020000001,241,227,241,207,164,180,185,300,320,350,300,210,200,280,300,352,335,370,375,380,430,360,495,395,515,600,600,292,351,235,160,150,120,10220
10002817,Customer_40,KIT0001024,manufacturer_50,AMT Hydraulic Unit,Gears / Transmission,A110000154,,,,,,,135,199,210,190,284,245,360,265,265,460,545,480,509,595,460,450,445,575,515,640,420,629,620,620,600,440,444,11600
10007572,Customer_41,KIT0001117,manufacturer_51,Cluster,0,A070000005,,,,,,,,,,,,,,,,,,,,,,125,,,,,125,375,225,625,250,,,1725
10007518,Customer_42,KIT0001083,manufacturer_52,M760,0,A070000004,,,,,,,,,,,,,,,,,,200,,,,,,,,,,,,,,,,200
10007518,Customer_42,KIT0001084,manufacturer_52,M760,0,A070000001,,,,,,,,,,,,,,,,200,,200,,,,,200,161,,,,,,,,,,761
10007518,Customer_42,KIT0001085,manufacturer_42,M760,0,A070000004,,,,,,,,,,,,,,,,,,,400,528,200,,,,,,,,,,,,,1128
10007518,Customer_42,KIT0001086,manufacturer_42,M760,0,A070000001,,,,,,,,,,,,,,,,200,200,,800,1006,260,,200,161,,,,,,,,,,2827
10002816,Customer_43,KIT0000577,manufacturer_21,Stab Bar,Engine Parts,A020000001,80,,,,,,,,,,,,,,,,,,,,,,,,,,,,,,,,,80
10002816,Customer_43,KIT0001017,manufacturer_53,Spring - FG5A020950/FG5A020952,Brake assembly,A020000001,80,160,40,80,160,40,120,90,170,150,150,100,140,250,250,250,215,170,220,165,180,310,219,180,150,195,170,195,170,150,100,130,35,5184
10002783,Customer_44,KIT0000435,manufacturer_37,972080790,0,A020000001,,,,10,6,2,9,3,,10,4,,14,7,6,6,6,,6,4,6,2,5,8,2,1,3,18,,5,5,5,,153
10002783,Customer_44,KIT0000436,manufacturer_37,972080730 & 972080731,0,A020000001,,,,,,,10,10,,10,10,,20,25,14,11,31,7,8,18,33,22,11,24,17,20,19,25,6,5,7,5,11,379
10002783,Customer_44,KIT0000437,manufacturer_37,972080801,0,A020000001,,,,10,7,7,8,1,,9,3,,14,5,2,5,4,2,4,6,9,6,9,13,2,6,14,32,,10,18,6,7,219
10002783,Customer_44,KIT0000438,manufacturer_37,972100740,0,A020000001,,,,,,,12,,,5,5,,11,2,5,2,1,7,2,7,10,6,7,7,3,2,4,23,,,,,,121
10002783,Customer_44,KIT0000439,manufacturer_47,972122970,0,A020000001,,,,5,4,,6,2,,7,3,,7,9,,1,5,1,,7,1,,,,,1,1,23,,2,,,4,89
10002783,Customer_44,KIT0000649,manufacturer_36,HYDROLIC CYLINDER,0,A020000001,,,,1,5,5,8,8,,4,7,,1,,16,,,,8,2,33,20,3,7,8,36,12,43,5,,,11,5,248
10002783,Customer_44,KIT0001162,manufacturer_37,-,-,A020000001,,,,,,,,,,,,,,,,,,,,,,,,,,,,,,,10,,4,14
10002809,Customer_45,KIT0000558,manufacturer_29,Flanges611,Steering Column (Flanges),A020000001,23,,,,,,,,,25,18,10,32,15,10,25,,,,15,35,,,25,25,20,,15,10,,,,,303
10002832,Customer_46,KIT0000296,manufacturer_37,TD (NEF),0,A020000001,20,35,35,30,60,50,77,40,20,40,100,40,81,50,79,70,78,124,70,125,105,75,90,90,129,20,60,80,75,10,81,50,45,2134
10002832,Customer_46,KIT0000297,manufacturer_54,WA Part-3,Engine Parts,A020000001,40,35,30,30,80,30,90,35,20,40,50,34,57,75,27,75,41,155,70,90,,70,75,90,50,,,,25,30,56,30,45,1575
10002832,Customer_46,KIT0000355,manufacturer_36,TD (AVL),0,A020000001,,,50,25,40,35,50,25,10,20,30,,80,70,77,100,70,116,78,78,85,35,85,90,76,60,60,97,73,90,77,60,20,1862
10002832,Customer_46,KIT0000674,manufacturer_37,95 dia & 85 dia Hyd Cyl,0,A020000001,,,,,,,,,,,,,,,,,,,,,,,,,,,,,55,19,40,,,114
10002832,Customer_46,KIT0001069,manufacturer_13,WA Part-3,0,A020000001,,,,,,,,,,,,,,,22,12,,,,,,,,,100,140,140,101,71,72,10,,,668
10002750,Customer_47,KIT0000297,manufacturer_54,WA Part-3,Engine Parts,A020000001,,,,,,,,,,,,,,,,,,,,,,,,,,,,25,,,23,10,20,78
10002750,Customer_47,KIT0000471,manufacturer_14,"Liner_TD - NEF (98 ,91 & 95 Dia.)",0,A020000001,,,,,,,15,35,,25,10,30,23,41,10,30,36,25,35,30,40,15,30,25,35,40,48,10,35,52,42,43,30,790
10002750,Customer_47,KIT0000503,manufacturer_37,Hydraulic Sleeve,0,A020000001,60,20,50,65,51,70,75,30,36,30,54,40,50,79,80,70,129,80,35,125,50,50,80,65,60,55,62,65,105,34,40,80,50,2025
10002750,Customer_47,KIT0000674,manufacturer_37,95 dia & 85 dia Hyd Cyl,0,A020000001,21,13,10,23,21,40,39,29,36,26,39,30,31,31,43,27,41,60,15,25,35,35,15,40,50,30,35,,,,,,,840
10002738,Customer_48,KIT0000203,manufacturer_2,6 Plate,Engine Parts,A020000001,6,8,,,2,18,5,14,14,10,6,11,10,3,7,4,3,2,1,1,6,8,4,7,6,1,3,7,5,15,15,5,6,213
10002738,Customer_48,KIT0000204,manufacturer_2,8 Plate,Engine Parts,A020000001,56,20,,,8,58,63,50,47,54,62,62,63,65,48,41,24,40,25,16,28,48,21,18,10,32,8,28,5,23,36,10,20,1089
10002738,Customer_48,KIT0000460,manufacturer_55,Oil Cooler_BTL109 And MML(114 & 116),0,A070000005,80,65,60,140,80,160,112,100,120,50,93,150,110,90,90,90,120,183,50,100,127,180,49,135,100,86,55,97,,70,110,30,30,3112
10002738,Customer_48,KIT0000461,manufacturer_55,"Oil Cooler_BTL101 And MML(108,119 & 125)",0,A070000005,100,50,55,145,120,128,131,66,109,67,143,68,160,72,180,85,132,150,54,130,107,119,130,79,142,80,120,102,20,,,,,3044
10002738,Customer_48,KIT0000966,manufacturer_2,Oil Cooler-BS VI-ALL156,Oil Tank Assembly,A020000001,11,,6,11,9,10,7,6,8,10,10,12,9,13,11,5,15,15,10,11,12,11,12,14,10,5,,,,,,,,253
10002738,Customer_48,KIT0001144,manufacturer_55,"Oil Cooler_BTL101 And MML(108,119 & 125)",0,A070000004,,,,,,,,,,,,,,,,,,,,,,,,,,,,,100,220,210,140,60,730
10002738,Customer_48,KIT0001155,manufacturer_56,-,-,A110000154,,,,,,,,,,,,,,,,,,,,,,,,,,,,,,,37,25,4,66
10004742,Customer_49,KIT0000959,manufacturer_36,Oil Pump 303 & 222,0,A020000001,49,29,41,61,60,36,69,29,17,24,52,,50,50,60,78,64,69,42,51,67,23,62,56,36,69,43,50,42,59,38,65,35,1576
10002810,Customer_50,KIT0000560,manufacturer_47,Alternator,Electronics,A020000001,31,20,10,34,12,33,15,30,35,15,32,19,19,31,10,48,33,42,23,33,25,37,38,43,64,68,34,55,20,60,20,20,40,1049
10007217,Customer_51,KIT0001059,manufacturer_57,Stabilizer Link Assembly - 934059110E/0401EAA02271N/544232800112/542432800108,Engine Parts,A070000003,,,,,,,,,,,,,,200,1482,1939,1600,2000,1250,2000,2000,1200,1600,1885,1600,1600,1850,1900,1200,2000,1690,1500,800,31296
10002769,Customer_52,KIT0001032,manufacturer_37,Reverse idler shaft(006500828C1)/Gear RCRPTO 18T(006500829C2)/Gear Coupling PTO(006503134C1),0,A020000001,,,30,15,30,30,25,,,25,,,30,30,30,,60,30,20,30,30,,60,30,,,,,,20,20,30,30,605
10002769,Customer_52,KIT0001033,manufacturer_37,Gear Slidinng (006501547R2)/(00650158R2)/Gear speed 57T(006503130C2)/2/3 speed sliding(006505999B3),0,A020000001,,,,15,,,,,,,,,,,,25,,,,,,,,,,,,70,,50,20,30,,210
10007245,Customer_53,KIT0001068,manufacturer_4,Gear Shifter-285126800284,Gear Shift Lever,A020000001,,,,,,,,,,,,100,245,180,278,175,280,168,175,215,230,140,150,30,220,280,180,260,200,130,210,295,220,4361
10002679,Customer_54,KIT0000215,manufacturer_37,-,-,A020000001,30,30,30,40,40,20,80,,45,,,65,20,65,30,15,50,30,45,55,25,30,60,,30,35,20,70,25,35,,,,1020
10002679,Customer_54,KIT0000892,manufacturer_13,RV3+ Cam Shaft,0,A020000001,,30,,5,15,10,10,15,10,,,,,20,10,15,5,,15,5,5,,,,15,20,10,20,20,25,,,,280
10006901,Customer_55,KIT0001067,manufacturer_57,Rear Grill Assembly - 596DUV,Grill,A020000001,,,,,,,,,,,,,47,65,52,58,34,26,8,23,,14,15,8,14,24,29,41,24,42,10,8,11,553
10006901,Customer_55,KIT0001101,manufacturer_57,Rear Grill Assembly - 596DUV,Grill,A020000001,,,,,,,,,,,,,,,,40,19,12,8,23,,14,15,6,16,34,38,36,13,20,8,8,4,314
10006898,Customer_56,KIT0001096,manufacturer_58,FLC (1200x800x812),0,A020000001,,,,,,,,,,,,,,,290,240,539,539,320,450,320,467,420,450,432,755,450,550,540,140,120,,,7022
10007811,Customer_57,KIT0001095,manufacturer_58,FLC (1200x800x812),Rubber Biddings,A020000001,,,,,,,,,,,,,,,100,,,280,,,,,,,,,,,,,,,,380
10006660,Customer_58,KIT0001034,manufacturer_37,Air Duct - 0302CAM0094IN,0,A070000006,,,75,,420,360,300,225,150,300,270,150,,,,,,,,,,,,,,,,,,,,,,2250
10006660,Customer_58,KIT0001035,manufacturer_37,Air Duct - 0302CAM008IN/0304DAM0243IN,0,A070000006,,,75,150,285,90,300,225,150,300,285,,,,,,,,,,,,,,,,,,,,,,,1860
10006129,Customer_59,KIT0000990,manufacturer_37,D20 WD,0,A070000004,90,210,150,540,900,240,1200,600,,270,750,450,960,1230,1020,1080,2160,2040,690,1260,1170,1020,210,,810,240,1050,1530,1620,2250,2340,1830,1800,31710
10006129,Customer_59,KIT0000991,manufacturer_37,G20 WD,0,A070000004,90,60,150,210,,,,300,300,360,,450,,510,600,,210,360,360,1200,720,360,1170,1980,900,1590,,,1260,,,,,13140
10007265,Customer_60,KIT0000945,manufacturer_59,XFC211,0,A070000005,,,,,,,,,2920,2800,3180,3400,4360,5700,3740,4580,5100,5600,5200,5300,3740,5200,5700,4600,5200,4600,4100,5100,5600,6000,5800,4900,4100,116520
10007265,Customer_60,KIT0000986,manufacturer_18,Filter (LC6405 Palletized Crate ),Air filter,A070000006,,,,,,,,,300,300,200,900,800,780,1780,300,800,1200,1100,400,,1010,400,1060,700,,,1600,1450,900,1150,1100,100,18330
10007265,Customer_60,KIT0001034,manufacturer_37,Air Duct - 0302CAM0094IN,0,A070000006,,,,,,,,,,,,,,,,,,,,510,630,210,630,105,420,630,630,105,,525,105,,840,5340
10007265,Customer_60,KIT0001035,manufacturer_37,Air Duct - 0302CAM008IN/0304DAM0243IN,0,A070000006,,,,,,,,,,,,,,,,,,,,300,315,210,315,105,210,315,420,,,,,,,2190
10002801,Customer_61,KIT0000526,manufacturer_4,HVAC 1516,0,A020000001,1200,300,550,900,1080,940,1500,1250,780,1350,1800,1540,1230,1310,750,840,770,1090,1200,1480,1100,1100,1700,1300,960,900,1090,1035,985,1030,1380,1532,1020,36992
10002801,Customer_61,KIT0001114,manufacturer_4,Prima AC Unit - Subros,0,A020000001,,,,,,,,,,,,,,,,,,,,,,,,,40,70,108,110,75,110,80,118,60,771
10002757,Customer_62,KIT0000294,manufacturer_34,Heater,AC Unit,A070000005,1220,1120,1740,2920,1840,1500,580,1720,2340,2200,2580,2360,1640,1940,2840,1700,2780,1800,2100,620,860,900,1060,780,760,840,1500,220,,,,,540,45000
10002757,Customer_62,KIT0000414,manufacturer_34,Child Part,AC Unit,A070000005,840,540,860,1440,380,420,660,540,460,,220,480,40,40,300,60,260,,120,180,240,140,420,600,80,280,40,,,560,600,340,160,11300
10002757,Customer_62,KIT0001037,manufacturer_34,R S Evaporator,AC Unit,A070000005,,,,,2250,3400,1625,4150,6325,5025,5700,5100,3775,5700,4475,5825,5350,5550,5775,6800,5725,5600,6700,6400,5650,7900,5600,6900,5350,4900,5600,5725,4000,152875
10002732,Customer_63,KIT0000181,manufacturer_42,"Assy chain,lift rod assy",0,A020000001,,,,,,,,,,,,,300,454,575,547,575,700,660,540,500,570,680,630,540,540,666,728,780,810,841,530,290,12456
10002768,Customer_64,KIT0000181,manufacturer_60,"Assy chain,lift rod assy",0,A020000001,,,,,,,,,,,,,,160,200,200,150,250,160,80,130,100,125,160,127,187,124,153,197,205,190,165,85,3148
10002726,Customer_65,KIT0000084,manufacturer_61,WATER PUMP - WPA 773MK,Radiator,A020000001,44,80,48,80,95,94,85,65,68,50,35,40,45,90,90,85,115,114,75,45,20,110,105,50,60,45,30,61,105,60,55,60,,2204
10002726,Customer_65,KIT0000174,manufacturer_61,WATER PUMP - WPA 791K/ 788/ 910M/ 724/ 755,Radiator,A020000001,42,25,35,35,57,35,45,45,55,30,45,65,55,40,60,35,35,55,20,30,54,110,48,53,74,,20,55,41,,49,43,,1391
10002726,Customer_65,KIT0000175,manufacturer_61,WATER PUMP - WPA 939,Radiator,A020000001,27,37,31,30,64,28,30,45,43,26,45,43,45,21,15,15,37,34,53,57,47,49,52,37,53,38,28,53,34,33,30,17,17,1214
10002726,Customer_65,KIT0000227,manufacturer_61,WATER PUMP - WPA 887,0,A020000001,5,4,3,4,7,10,,5,5,,5,5,5,11,5,10,2,12,5,,10,5,8,15,20,10,15,11,11,5,7,5,13,238
10002726,Customer_65,KIT0000228,manufacturer_61,OIL PUMP - OP 887,Fasteners,A020000001,3,3,1,2,2,7,,5,,,5,5,5,5,5,5,,4,4,1,5,7,10,8,7,4,8,5,4,5,1,2,4,132
10002726,Customer_65,KIT0000287,manufacturer_61,WATER PUMP - WPA 770/ 771/ 779/ 812/ 813,Radiator,A020000001,10,10,,,20,25,5,20,20,30,10,5,20,10,20,30,20,10,15,15,,,16,15,,,,,,,,5,10,341
10002726,Customer_65,KIT0000353,manufacturer_61,Water Pump - WPA 890/ 772/ 772G/ 772P,Radiator,A020000001,57,23,50,10,45,35,35,15,30,25,25,20,35,40,15,15,10,20,5,10,15,30,20,5,,5,5,5,10,,15,20,,650
10002726,Customer_65,KIT0000587,manufacturer_61,OP990 M3/ M4,Fasteners,A020000001,,,5,,,10,,,,,,10,5,5,5,5,,5,,,8,,,,,,,,,,,,,58
10002726,Customer_65,KIT0000777,manufacturer_37,OP 890-/ 772 - PALLETIZED LOAD,Fasteners,A070000005,2300,1700,1600,920,1200,200,,,,,,,,,,,,,,,,,,,,,,,,,,,,7920
10002726,Customer_65,KIT0000784,manufacturer_61,OIL PUMP - OP 989/ D35,Fasteners,A020000001,5,9,6,,,,,12,5,5,5,10,20,10,10,18,5,5,10,13,20,10,22,20,29,10,15,8,20,11,12,10,20,355
10002726,Customer_65,KIT0000936,manufacturer_37,Water Pump (WPA1009) BS6,0,A020000001,116,41,53,105,63,64,10,40,85,50,60,100,55,85,70,75,104,155,120,191,179,135,115,40,,,,,,,,,10,2121
10002726,Customer_65,KIT0001044,manufacturer_61,OP 890-/ 772 - PALLETIZED LOAD,Fasteners,A070000005,,,,,,,,,700,1500,1200,1260,400,1400,1100,700,600,600,700,700,500,1000,600,600,100,,,,400,500,400,700,200,15860
10007063,Customer_66,KIT0001073,manufacturer_62,-,-,A020000001,,,,,,,,,,,,,20,,20,20,20,40,35,60,20,20,40,20,20,50,30,15,,,,,,430
10007063,Customer_66,KIT0001074,manufacturer_62,-,-,A020000001,,,,,,,,,,,,,20,,20,20,20,40,35,60,20,20,40,20,20,50,30,15,,,,,,430
10002717,Customer_67,KIT0000016,manufacturer_63,Water Pump - WPA 967/ L1/ L2/ L3,Radiators Intercoolers,A020000001,115,85,113,185,150,179,200,130,112,60,96,166,100,92,100,130,112,155,132,108,120,85,100,110,84,40,90,105,105,115,122,170,20,3786
10002717,Customer_67,KIT0000123,manufacturer_63,Water Pump - WPA 574MI,0,A020000001,22,,2,5,,12,25,8,4,13,19,6,9,15,8,8,6,9,7,9,2,7,6,6,7,,7,6,3,1,4,1,,237
10002717,Customer_67,KIT0000147,manufacturer_63,Water Pump - WPA 722,0,A020000001,40,10,,,,10,20,10,25,10,30,32,20,25,5,15,20,35,33,33,34,31,45,60,25,30,41,36,30,35,48,12,6,806
10002717,Customer_67,KIT0000177,manufacturer_63,OIL PUMP - OP 580M/ OP 920,Oil Tank Assembly,A020000001,50,49,65,,45,45,45,30,45,5,40,50,20,40,40,35,34,55,62,5,40,35,35,65,30,5,30,40,25,35,43,40,,1183
10002717,Customer_67,KIT0000256,manufacturer_63,WPA 905 - Water Pump,0,A020000001,150,80,87,30,169,170,160,58,60,120,60,113,126,123,80,105,132,148,120,134,95,170,140,178,160,140,135,105,102,65,125,120,20,3780
10002762,Customer_68,KIT0000298,manufacturer_4,Dash board Pre Assembly AC and Non AC,Dashboard Parts,A16000005,,,120,120,360,480,720,240,480,840,1320,1080,960,840,600,480,1320,600,2040,1080,840,1680,1200,1440,720,1080,960,960,120,720,1680,1440,600,27120
10002849,Customer_69,KIT0001122,manufacturer_64,F9H02111,Engine Parts,A020000001,,,,,,,,,,,,,,,,,,,,,,,,,,,,,,2,1,,,3
10002849,Customer_69,KIT0001123,manufacturer_64,F2421511,Engine Parts,A020000001,,,,,,,,,,,,,,,,,,,,,,,,,,,3,6,,3,1,,2,15
10002849,Customer_69,KIT0001124,manufacturer_64,F2417411,Engine Parts,A020000001,,,,,,,,,,,,,,,,,,,,,,,,,,,18,,,9,6,5,1,39
10002849,Customer_69,KIT0001125,manufacturer_64,F3247411 & S3347411,Engine Parts,A020000001,,,,,,,,,,,,,,,,,,,,,,,,,,,3,16,15,5,3,7,,49
10002849,Customer_69,KIT0001126,manufacturer_64,FMB00121,Engine Parts,A020000001,,,,,,,,,,,,,,,,,,,,,,,,,,,,6,6,4,3,3,,22
10002849,Customer_69,KIT0001127,manufacturer_64,X3B01611,Electronics,A020000001,,,,,,,,,,,,,,,,,,,,,,,,,,,,36,,,15,2,7,60
10002849,Customer_69,KIT0001128,manufacturer_64,F3244711 & F3244611,Engine Parts,A020000001,,,,,,,,,,,,,,,,,,,,,,,,,,,,6,,,1,1,,8
10002849,Customer_69,KIT0001129,manufacturer_64,F3244311,Engine Parts,A020000001,,,,,,,,,,,,,,,,,,,,,,,,,,,,3,,1,1,,,5
10002849,Customer_69,KIT0001130,manufacturer_64,X0B01311,Electronics,A020000001,,,,,,,,,,,,,,,,,,,,,,,,,,,,,20,7,10,6,6,49
10002849,Customer_69,KIT0001131,manufacturer_64,X3B00711,Electronics,A020000001,,,,,,,,,,,,,,,,,,,,,,,,,,,4,6,10,6,4,3,7,40
10002849,Customer_69,KIT0001132,manufacturer_64,X4300611,Electronics,A020000001,,,,,,,,,,,,,,,,,,,,,,,,,,,4,12,10,,8,9,2,45
10002849,Customer_69,KIT0001161,manufacturer_64,Relay Drop Ram - FV902011,Electronics,A020000001,,,,,,,,,,,,,,,,,,,,,,,,,,,,,,20,26,12,,58
10002837,Customer_70,KIT0000942,manufacturer_4,Plannet Carrier Housing - CUF 2629-Metal,Housings,A020000001,11,10,,,5,,22,,10,20,33,16,10,47,15,27,,32,20,40,9,33,23,44,42,22,46,100,56,34,35,70,26,858
10002883,Customer_71,KIT0000929,manufacturer_2,Turbo Charger (203529021291),0,A070000005,,,10,40,,,,,,,,,,,,,,,,,,,,,,,,,,,,,,50
10002883,Customer_71,KIT0000930,manufacturer_37,Turbo Charger (203519021191 & 203519020306),Engine Parts,A020000001,3,,,7,7,5,8,10,9,,2,7,6,15,10,6,5,11,,10,2,,,14,13,5,20,3,,,,,,178
10002883,Customer_71,KIT0000935,manufacturer_65,-,-,A020000001,,18,,,,,,,,,,,,,,,,,,,,,,,,,,,,,,,,18
10002883,Customer_71,KIT0001001,manufacturer_15,Turbo charger (3L-4SP SFC-10433902-1567),Transmission,A020000001,35,44,,,,9,10,45,70,40,30,47,30,,10,,35,55,,75,30,30,,25,5,,15,15,40,20,10,65,15,805
10002883,Customer_71,KIT0001002,manufacturer_15,Turbo charger(3L 10433902-1639),Engine Parts,A020000001,40,37,,,,,,30,30,40,25,26,60,60,30,65,55,73,13,25,37,55,25,20,25,69,55,80,30,40,10,35,30,1120
10002883,Customer_71,KIT0001003,manufacturer_15,Turbo charger(3.3L Truck 12V 10453902-1624),Engine Parts,A020000001,,20,,,12,,15,,,,,,,,,,,,,,,,,,,,,,,,,,,47
10002883,Customer_71,KIT0001004,manufacturer_15,Turbo charger(3.3L Bus 12V 10453902-1625),Engine Parts,A020000001,65,31,18,,50,37,20,80,73,55,65,90,85,68,76,99,15,75,45,85,70,90,55,60,10,76,80,65,30,35,20,40,40,1803
10002883,Customer_71,KIT0001006,manufacturer_15,Turbo charger(5L Ultra 24V 41552902-1469),Engine Parts,A020000001,21,26,,,,,,,,,,,,,,,,,,,,,,,,,,,,,,,,47
10002883,Customer_71,KIT0001007,manufacturer_65,Turbo charger(5L Cluster 24V 41552902-1482),Engine Parts,A020000001,45,38,,,,,,,,,,,,,,,,,,,,,,,,,,,,,,,,83
10002883,Customer_71,KIT0001008,manufacturer_4,Turbo charger(1.5L 31352902-1468),Engine Parts,A020000001,55,64,20,,58,57,95,80,95,30,45,90,85,20,90,70,60,105,40,45,65,45,45,86,55,75,30,65,60,30,30,35,30,1855
10002727,Customer_72,KIT0000162,manufacturer_66,K24 - 0976 TURBO CHARGER,0,A020000001,40,29,,,20,13,16,20,37,27,35,44,36,40,40,50,47,50,30,24,12,25,62,44,19,20,18,25,19,30,22,,,894
10002727,Customer_72,KIT0000201,manufacturer_66,COMPRESSOR WHEEL WITH NON - PALLETIZED LOAD,0,A070000005,230,220,240,125,150,250,150,250,250,270,170,220,220,300,350,270,296,180,370,340,200,300,300,270,175,150,365,326,460,340,140,,,7877
10002727,Customer_72,KIT0000207,manufacturer_66,K27 - 0977 TURBO CHARGER,0,A020000001,20,30,,15,,,23,10,20,12,15,34,23,50,15,20,12,5,10,,,17,24,23,10,18,10,,13,15,,,,444
10002727,Customer_72,KIT0000209,manufacturer_66,K16 - TURBO CHARGER,0,A020000001,,,10,,,10,,5,,5,10,28,13,15,5,2,,,,10,3,5,4,2,5,,,5,5,3,3,,,148
10002727,Customer_72,KIT0000534,manufacturer_66,K16 TML - TURBO CHARGER,0,A020000001,5,12,10,,,,,,,,,,,,,,,,,,,,,,,,,,,,,,,27
10002727,Customer_72,KIT0000884,manufacturer_66,K27 - D72 - TURBO CHARGER,0,A020000001,50,40,25,22,17,11,15,50,15,,16,38,50,65,64,40,20,15,45,37,10,33,60,67,62,55,47,51,69,54,32,,,1175
10002727,Customer_72,KIT0000962,manufacturer_2,BS6-150HP-TC,0,A020000001,40,5,15,,,3,17,33,26,15,33,21,28,8,10,6,,,,,,,,,,,,,,,,,,260
10002727,Customer_72,KIT0001094,manufacturer_2,320 HP (427029022189),0,A020000001,,,,,,,,,,,,,,,,,,,,,3,4,6,,,,,,,,,,,13
10006707,Customer_73,KIT0001006,manufacturer_65,Turbo charger(5L Ultra 24V 41552902-1469),Engine Parts,A020000001,,,,,5,5,24,25,25,15,5,8,20,15,20,10,32,20,10,25,12,,,6,,5,8,5,30,,5,,,335
10006707,Customer_73,KIT0001007,manufacturer_65,Turbo charger(5L Cluster 24V 41552902-1482),Engine Parts,A020000001,,,,,5,40,30,45,30,7,,,,20,20,55,65,60,,,,,,,40,65,55,65,15,51,5,,,673
10002713,Customer_74,KIT0000268,manufacturer_67,-,-,A020000001,29,27,43,38,26,65,45,15,42,50,18,44,40,40,34,40,20,28,11,10,36,30,20,10,50,40,30,10,10,,,,,901
10002713,Customer_74,KIT0001062,manufacturer_67,-,-,A020000001,,,,,,,,,,,40,96,160,60,190,80,90,110,70,30,70,40,50,40,90,80,60,10,20,,,,,1386
10002795,Customer_75,KIT0001000,manufacturer_67,-,-,A020000001,100,100,250,390,481,510,280,350,400,300,320,150,300,300,385,231,290,310,200,350,230,220,150,130,240,350,190,130,90,,,,,7727
10008761,Customer_76,KIT0000878,manufacturer_68,Dk50036/DK50041,Body Parts,A020000001,13,8,29,15,27,17,20,20,26,6,23,10,15,22,14,35,21,16,33,28,14,26,17,21,20,21,,,,,,,,41
10008761,Customer_76,KIT0000879,manufacturer_68,DK50037,Body Parts,A020000001,22,16,25,16,25,23,21,31,14,17,27,11,5,2,34,10,32,20,35,28,29,23,16,24,30,22,,,,,,,,52
10008761,Customer_76,KIT0000880,manufacturer_68,DA20789,Body Parts,A020000001,33,30,47,33,48,45,41,28,55,25,39,27,13,46,40,47,54,45,62,45,36,43,26,54,51,33,,,,,,,,84
10008761,Customer_76,KIT0000885,manufacturer_57,DD-EE0078,Body Parts,A020000001,53,40,55,70,86,69,63,96,97,101,100,74,108,101,85,104,121,98,114,111,98,92,129,116,90,130,107,104,84,82,88,85,96,866
10008761,Customer_76,KIT0000886,manufacturer_57,DD-EK0066,Body Parts,A020000001,25,22,34,21,44,29,37,40,30,27,47,30,50,36,38,33,45,36,45,48,28,34,49,51,47,55,41,40,31,41,36,43,40,374
10008761,Customer_76,KIT0000887,manufacturer_57,DD-EA0027,Body Parts,A020000001,40,30,20,20,44,22,26,56,60,40,34,80,78,57,60,79,78,69,87,75,60,50,62,47,53,51,63,49,32,77,53,51,53,482
10008761,Customer_76,KIT0000888,manufacturer_57,DD-EA0035,Body Parts,A020000001,33,20,44,35,49,51,53,62,39,53,57,50,50,63,51,52,62,60,57,39,66,65,68,67,56,71,63,74,51,46,34,71,56,522
10008761,Customer_76,KIT0001025,manufacturer_69,RHS Mount - DS-EA0158-000/LHS Mount - DS-EA0173-000,Body Parts,A020000001,57,19,70,48,75,54,76,72,78,29,71,78,89,60,56,98,81,93,88,57,82,98,117,118,124,54,88,87,135,130,116,102,81,917
10008761,Customer_76,KIT0001026,manufacturer_69,Manual Transit Mount - DS-EA0138-000/Automatic transit - DS-EA0132-000,Body Parts,A020000001,49,1,15,18,40,30,30,21,23,11,30,33,31,27,21,30,36,34,30,34,23,36,29,24,36,12,18,7,37,26,16,25,21,198
